TermID	Name	Value	LogSize	Frequency	Uniqueness	Dispensability	Representative
"GO:0000150"	"DNA strand exchange activity"	-300	4.56908115970042	0.08092287437159211	0.9379315522928928	0.48691408	null
"GO:0000182"	"rDNA binding"	-300	3.79546289439038	0.013626841039592424	0.9257037576287419	0.41746928	null
"GO:0000217"	"DNA secondary structure binding"	-300	4.61364100671677	0.08966692774410648	0.9294196202546356	0.36464607	null
"GO:0000234"	"phosphoethanolamine N-methyltransferase activity"	-300	2.683947130751512	0.0010520803109215998	0.9352874915783969	0.46219714	null
"GO:0000287"	"magnesium ion binding"	-300	5.90029337427456	1.734980838714495	0.935629614437324	0.32867923	null
"GO:0000400"	"four-way junction DNA binding"	-300	4.478436620683433	0.06567862355940028	0.9311239335640642	0.35379147	null
"GO:0000976"	"transcription cis-regulatory region binding"	-300	6.153311705691067	3.1067997063691872	0.8815962434400406	0.63393277	null
"GO:0000977"	"RNA polymerase II transcription regulatory region sequence-specific DNA binding"	-300	5.923792500129694	1.8314448164341406	0.8881012520811744	0.90038365	976
"GO:0000978"	"RNA polymerase II cis-regulatory region sequence-specific DNA binding"	-300	5.856906437642981	1.5700290520409343	0.8881570680181634	0.8821991	976
"GO:0000987"	"cis-regulatory region sequence-specific DNA binding"	-300	5.866615151983271	1.6055225747295157	0.8896092203287734	0.88479294	976
"GO:1990837"	"sequence-specific double-stranded DNA binding"	-300	6.171363366259856	3.2386568007726373	0.8827063914336106	0.92991885	976
"GO:0000981"	"DNA-binding transcription factor activity, RNA polymerase II-specific"	-300	6.026186262324628	2.318396477687505	0.9736463233468725	-0	null
"GO:0003700"	"DNA-binding transcription factor activity"	-300	6.435402523670657	5.948455529733023	0.9726986229817045	0.76677956	981
"GO:0001006"	"RNA polymerase III type 3 promoter sequence-specific DNA binding"	-300	3.949585151326652	0.01943292740276972	0.917029400790896	0.42700087	null
"GO:0001002"	"RNA polymerase III type 1 promoter sequence-specific DNA binding"	-300	3.435525851498655	0.005947964413405311	0.9197893156373624	0.90644845	1006
"GO:0001003"	"RNA polymerase III type 2 promoter sequence-specific DNA binding"	-300	3.4363217001397333	0.005958878109576697	0.9229870234689654	0.90653938	1006
"GO:0080084"	"5S rDNA binding"	-300	3.4983105537896004	0.006873445848738833	0.9257510966199174	0.92152299	1006
"GO:0001016"	"RNA polymerase III transcription regulatory region sequence-specific DNA binding"	-300	4.064158372463118	0.025300130464506774	0.9221968319762657	0.43437322	null
"GO:0001046"	"core promoter sequence-specific DNA binding"	-300	4.107311745490674	0.027943427677216432	0.9216493251709325	0.43721636	null
"GO:0001067"	"transcription regulatory region nucleic acid binding"	-300	6.153331843233675	3.1069437671586497	0.9140598834556761	0.38192782	null
"GO:0001098"	"basal transcription machinery binding"	-300	4.608878888173016	0.08868906056715031	0.8718195232366037	0.32940905	null
"GO:0001099"	"basal RNA polymerase II transcription machinery binding"	-300	4.608814754112072	0.08867596413174464	0.8660020153747413	0.32940555	null
"GO:0001091"	"RNA polymerase II general transcription initiation factor binding"	-300	3.8260099777911005	0.014619987391188539	0.8566989393089334	0.88552741	1099
"GO:0001093"	"TFIIB-class transcription factor binding"	-300	2.1958996524092336	0.0003405073205472398	0.8822772215249081	0.71582132	1099
"GO:0001227"	"DNA-binding transcription repressor activity, RNA polymerase II-specific"	-300	4.538812429633057	0.07547475724283627	0.9792233117820333	0.55510367	null
"GO:0001228"	"DNA-binding transcription activator activity, RNA polymerase II-specific"	-300	4.857959358058422	0.1573820470090874	0.9766764339467401	0.59502457	null
"GO:0001614"	"purinergic nucleotide receptor activity"	-300	4.061866972138563	0.025166983371215864	0.9575133175505061	0.61205926	null
"GO:0001635"	"calcitonin gene-related peptide receptor activity"	-300	2.9925535178321354	0.002143449928060189	0.9616969376796763	0.51025847	null
"GO:0001637"	"G protein-coupled chemoattractant receptor activity"	-300	4.268484363846722	0.04050072649201304	0.9567449636098199	0.63659222	null
"GO:0001646"	"cAMP receptor activity"	-300	0.9030899869919435	1.5279174639940246E-05	0.9693445322497863	0.68972817	null
"GO:0001786"	"phosphatidylserine binding"	-300	4.3042103864352335	0.043973464613748035	0.9400062154316956	0.68188545	null
"GO:0001882"	"nucleoside binding"	-300	4.317436496535099	0.045333311156702714	0.9295946469275223	0.22463618	null
"GO:0001884"	"pyrimidine nucleoside binding"	-300	0.47712125471966244	4.365478468554356E-06	0.9490390409612347	0.62419489	null
"GO:0002039"	"p53 binding"	-300	3.966188680956137	0.020190337917063896	0.8836610101408915	0.29767332	null
"GO:0002135"	"CTP binding"	-300	1.3222192947339193	4.3654784685543565E-05	0.9436655964526417	0.12510402	null
"GO:0002134"	"UTP binding"	-300	2.432969290874406	0.0005893395932548381	0.9363308531124863	0.89973892	2135
"GO:0032557"	"pyrimidine ribonucleotide binding"	-300	2.44870631990508	0.0006111669855976098	0.937096911798335	0.97665892	2135
"GO:0003674"	"molecular_function"	-300	7.660998154612795	100	1	-0	null
"GO:0003676"	"nucleic acid binding"	-300	6.972410120534942	20.48386614107179	0.9139006925881185	0.349124	null
"GO:0003677"	"DNA binding"	-300	6.746203426753578	12.1676078310834	0.8971598973523482	0.51352104	null
"GO:0003682"	"chromatin binding"	-300	5.459184338446896	0.6283254987182627	0.9644713975545968	0.0485524	null
"GO:0003684"	"damaged DNA binding"	-300	5.176941643135783	0.32805042773721993	0.9212522546049008	0.41808728	null
"GO:0003688"	"DNA replication origin binding"	-300	4.621238616222225	0.09124941368895743	0.9147606469241174	0.36527582	null
"GO:0003690"	"double-stranded DNA binding"	-300	6.215539485865457	3.5854285829222525	0.8993800545294398	0.57288986	null
"GO:0003697"	"single-stranded DNA binding"	-300	5.256763433469915	0.39424199501667534	0.9199310000702102	0.42695401	null
"GO:0003723"	"RNA binding"	-300	6.443305554056935	6.057692897451659	0.906603653464013	0.42489943	null
"GO:0003735"	"structural constituent of ribosome"	-300	5.987618454157255	2.1213867998801152	0.9963985209365319	0.62361787	null
"GO:0003774"	"cytoskeletal motor activity"	-300	5.242113880094346	0.38116520426412076	1	-0	null
"GO:0003777"	"microtubule motor activity"	-300	4.960589680883954	0.199336477831129	0.9898469737048817	0.53923957	null
"GO:0008574"	"plus-end-directed microtubule motor activity"	-300	3.9356583861006342	0.01881957767793783	0.990955404475068	0.74999706	3777
"GO:0003823"	"antigen binding"	-300	4.338356873353702	0.04757061887183682	0.9715389993053053	0.03477977	null
"GO:0003824"	"catalytic activity"	-300	7.442996037341388	60.53379149902957	1	-0	null
"GO:0003842"	"1-pyrroline-5-carboxylate dehydrogenase activity"	-300	4.074084689028243	0.025885104579293057	0.9578466968989042	0.31445293	null
"GO:0003899"	"DNA-directed 5'-3' RNA polymerase activity"	-300	5.102526317851885	0.27639153827958196	0.8491571699239092	0.62918309	null
"GO:0034062"	"5'-3' RNA polymerase activity"	-300	5.141540699188173	0.30237050064594895	0.8491683319370628	0.98931009	3899
"GO:0004100"	"chitin synthase activity"	-300	4.088171539864352	0.026738555619895434	0.9197929461674408	0.69411846	null
"GO:0004123"	"cystathionine gamma-lyase activity"	-300	3.2081725266671217	0.0035229411241233656	0.9757129359061224	0.39160935	null
"GO:0004142"	"diacylglycerol cholinephosphotransferase activity"	-300	3.3560258571931225	0.004952635322574918	0.9108843201816472	0.65676724	null
"GO:0004364"	"glutathione transferase activity"	-300	4.853375716612023	0.15572971340873956	0.9163785538559063	0.21619908	null
"GO:0004392"	"heme oxygenase (decyclizing) activity"	-300	3.794139355767774	0.013585368994141159	0.9596660307327883	0.29896677	null
"GO:0004468"	"lysine N-acetyltransferase activity, acting on acetyl phosphate as donor"	-300	2.315970345456918	0.00044964428226109874	0.905441507018106	0.46338466	null
"GO:0004518"	"nuclease activity"	-300	5.99046539455887	2.135338869065615	0.8965444096135564	0.69440334	null
"GO:0004549"	"tRNA-specific ribonuclease activity"	-300	4.435366506612661	0.059477461394818826	0.8926520906588943	0.58650905	null
"GO:0004553"	"hydrolase activity, hydrolyzing O-glycosyl compounds"	-300	5.85477167163393	1.5623305307616389	0.9293050925891809	0.31896947	null
"GO:0004566"	"beta-glucuronidase activity"	-300	3.628491104967123	0.009276641745678008	0.952964846815362	0.57293818	null
"GO:0004605"	"phosphatidate cytidylyltransferase activity"	-300	4.215267343431722	0.03582966453065988	0.8969770555365031	0.54157105	null
"GO:0004667"	"prostaglandin-D synthase activity"	-300	2.3384564936046046	0.00047365441383814767	0.9815938619858487	0.40899688	null
"GO:0004672"	"protein kinase activity"	-300	6.2106261364593225	3.545093744612045	0.841524605298774	0.63143362	null
"GO:0004674"	"protein serine/threonine kinase activity"	-300	5.908876243812141	1.7696099966663024	0.851624131790525	0.79493127	4672
"GO:0016301"	"kinase activity"	-300	6.425638868946679	5.816216455963574	0.8510142074379055	0.78784155	4672
"GO:0016773"	"phosphotransferase activity, alcohol group as acceptor"	-300	6.326354707261492	4.627605805937937	0.8547022206811768	0.72701747	4672
"GO:0004693"	"cyclin-dependent protein serine/threonine kinase activity"	-300	4.288852614199747	0.04244554714975401	0.8804330356613052	0.39339108	null
"GO:0004771"	"sterol ester esterase activity"	-300	3.599773939146388	0.008682936673954615	0.9249155328706478	0.60136087	null
"GO:0004888"	"transmembrane signaling receptor activity"	-300	5.898396045930009	1.7274176472677247	0.962569373728987	-0	null
"GO:0001653"	"peptide receptor activity"	-300	5.012495557789069	0.22464315651333863	0.9677024317533011	0.74396746	4888
"GO:0004930"	"G protein-coupled receptor activity"	-300	5.672640848466375	1.0271687080407943	0.9465500674805073	0.87490166	4888
"GO:0008528"	"G protein-coupled peptide receptor activity"	-300	4.944176584107874	0.1919435400446322	0.9498376003704867	0.73262056	4888
"GO:0038023"	"signaling receptor activity"	-300	5.984808501104928	2.1077053903596656	0.9638903856015578	0.89908384	4888
"GO:0097642"	"calcitonin family receptor activity"	-300	3.2600713879850747	0.003970402667150187	0.9603959792071405	0.74250073	4888
"GO:0005048"	"signal sequence binding"	-300	4.9089940781402515	0.17700705546447348	0.9601435597012343	0.03876593	null
"GO:0008139"	"nuclear localization sequence binding"	-300	4.512777754160414	0.07108308590347058	0.9621871544972681	0.83476582	5048
"GO:0005102"	"signaling receptor binding"	-300	5.70015401283437	1.094346873454143	0.8448053807238001	0.51026669	null
"GO:0005113"	"patched binding"	-300	3.6313422864839326	0.009337758444237768	0.8851205480126068	0.50666848	null
"GO:0005198"	"structural molecule activity"	-300	6.151746667822227	3.0956240814896883	1	-0	null
"GO:0005215"	"transporter activity"	-300	6.664249240943595	10.075137960578989	1	-0	null
"GO:0005488"	"binding"	-300	7.428322116042559	58.52264612691586	1	-0	null
"GO:0005509"	"calcium ion binding"	-300	5.795675677155207	1.3635681133491246	0.9373899612380386	0.24497288	null
"GO:0005515"	"protein binding"	-300	6.578532284734752	8.27054301946569	0.952012134064635	0.10186603	null
"GO:0005525"	"GTP binding"	-300	5.916743381737514	1.8019581921182901	0.8924619503976454	0.67778547	null
"GO:0032561"	"guanyl ribonucleotide binding"	-300	5.9319874479682255	1.8663315376155927	0.8935047896580794	0.97665629	5525
"GO:0005539"	"glycosaminoglycan binding"	-300	4.886315844136417	0.16800107338384584	0.9457739791810826	0.22445798	null
"GO:0005543"	"phospholipid binding"	-300	5.489170694452846	0.6732419066812186	0.9305223758817158	0.55457636	null
"GO:0005544"	"calcium-dependent phospholipid binding"	-300	4.658621843187422	0.09945214773137107	0.93652668947867	0.72859325	5543
"GO:0005546"	"phosphatidylinositol-4,5-bisphosphate binding"	-300	4.588910070624464	0.08470337872536018	0.9182477329503542	0.88573178	5543
"GO:0035091"	"phosphatidylinositol binding"	-300	5.2925728135330035	0.4281268388895943	0.929201069396522	0.8303271	5543
"GO:1901981"	"phosphatidylinositol phosphate binding"	-300	5.026169497836874	0.2318287340725791	0.9313122845939553	0.8623206	5543
"GO:1902936"	"phosphatidylinositol bisphosphate binding"	-300	4.797392200779495	0.13689485655616176	0.9334114176243922	0.74867273	5543
"GO:0005545"	"1-phosphatidylinositol binding"	-300	4.018450832386356	0.0227725184312138	0.9415048914020567	0.64837066	null
"GO:0008013"	"beta-catenin binding"	-300	4.287286539262812	0.04229275540335461	0.8780379849017872	0.31272628	null
"GO:0008080"	"N-acetyltransferase activity"	-300	5.204716727400483	0.3497162973766552	0.8584113032843218	0.65070779	null
"GO:0004402"	"histone acetyltransferase activity"	-300	4.536242706838319	0.07502947843904373	0.861882130903395	0.83376802	8080
"GO:0010484"	"histone H3 acetyltransferase activity"	-300	3.7446840632768863	0.012122933707175447	0.8769765251530159	0.87382727	8080
"GO:0034212"	"peptide N-acetyltransferase activity"	-300	4.883030824763581	0.1667350846279651	0.8649597695626953	0.88900922	8080
"GO:0061733"	"peptide-lysine-N-acetyltransferase activity"	-300	4.5820633629117085	0.08337845601015394	0.863121417422371	0.89409056	8080
"GO:0008092"	"cytoskeletal protein binding"	-300	5.843058900884321	1.5207580793055957	0.8403732441975054	0.54166895	null
"GO:0008094"	"ATP-dependent activity, acting on DNA"	-300	5.680281109863301	1.0453989461254773	0.920628825794054	0.65421902	null
"GO:0008134"	"transcription factor binding"	-300	4.94350935487179	0.19164887024800478	0.864618600733361	0.37891534	null
"GO:0008138"	"protein tyrosine/serine/threonine phosphatase activity"	-300	4.383222742078735	0.05274807633554229	0.9017851072473656	0.6500361	null
"GO:0008168"	"methyltransferase activity"	-300	6.061996514261222	2.517665290602371	0.8848373444530802	0.36351172	null
"GO:0008170"	"N-methyltransferase activity"	-300	5.381519391263657	0.5254355366929052	0.9003843828102255	0.78377275	8168
"GO:0008757"	"S-adenosylmethionine-dependent methyltransferase activity"	-300	5.788019100970831	1.3397391491285207	0.8915467060587079	0.87553713	8168
"GO:0008201"	"heparin binding"	-300	4.582949238100234	0.08354870967042755	0.9464982244886473	0.23482728	null
"GO:0008270"	"zinc ion binding"	-300	6.245500823257672	3.8415140981053537	0.9276165433043129	0.51267875	null
"GO:0008289"	"lipid binding"	-300	5.752489436297913	1.2344983769478466	0.9619418346568371	0.05241995	null
"GO:0008375"	"acetylglucosaminyltransferase activity"	-300	4.823128481857082	0.1452525650842091	0.9093912447513541	0.65613794	null
"GO:0008429"	"phosphatidylethanolamine binding"	-300	3.742882171437273	0.012072730704787073	0.9448019581041451	0.61902848	null
"GO:0015932"	"nucleobase-containing compound transmembrane transporter activity"	-300	4.977197561930761	0.20710702950515578	0.9745296776180092	0.343228	null
"GO:0016209"	"antioxidant activity"	-300	5.505388774621988	0.6988585343346956	0.9781940581903469	0.01365914	null
"GO:0004601"	"peroxidase activity"	-300	5.34677728018441	0.48503958168413747	0.928469317887449	0.93320998	16209
"GO:0004602"	"glutathione peroxidase activity"	-300	4.189490313699367	0.033764793215033666	0.9413096111672957	0.74128036	16209
"GO:0016298"	"lipase activity"	-300	5.4497282587588876	0.6147925154657442	0.8996342945239569	0.56495413	null
"GO:0004620"	"phospholipase activity"	-300	5.16558557182839	0.31958358224745875	0.902255739169737	0.80240529	16298
"GO:0004622"	"lysophospholipase activity"	-300	4.5711495942828835	0.08130921921605916	0.91130764449893	0.80653343	16298
"GO:0004623"	"phospholipase A2 activity"	-300	4.582642793445322	0.08348977571110205	0.9111322503655646	0.71311099	16298
"GO:0004806"	"triacylglycerol lipase activity"	-300	4.678700434998304	0.10415813352047265	0.9106340772255886	0.72630062	16298
"GO:0047499"	"calcium-independent phospholipase A2 activity"	-300	3.946746935033585	0.019306328527181643	0.9199018172576251	0.73238997	16298
"GO:0016410"	"N-acyltransferase activity"	-300	5.323600633759776	0.45983330900670455	0.8689190634532917	0.66782274	null
"GO:0016407"	"acetyltransferase activity"	-300	5.462538746404047	0.6331973726891694	0.8653779650319097	0.70578251	16410
"GO:0016491"	"oxidoreductase activity"	-300	6.705334884838153	11.074819433442528	0.9620009571649071	0.09077751	null
"GO:0016502"	"nucleotide receptor activity"	-300	4.068334313117254	0.025544597258745815	0.970974590806164	0.61279848	null
"GO:0016614"	"oxidoreductase activity, acting on CH-OH group of donors"	-300	5.956898046912602	1.9765118486834359	0.9395031411024665	0.48988668	null
"GO:0016616"	"oxidoreductase activity, acting on the CH-OH group of donors, NAD or NADP as acceptor"	-300	5.895621966287966	1.716418824266202	0.9387727240505797	0.47429504	null
"GO:0016645"	"oxidoreductase activity, acting on the CH-NH group of donors"	-300	5.21037203402529	0.35430004976863727	0.9483914738293252	0.39815819	null
"GO:0016646"	"oxidoreductase activity, acting on the CH-NH group of donors, NAD or NADP as acceptor"	-300	5.027626815293221	0.23260797197921604	0.9501882643897273	0.38181278	null
"GO:0016651"	"oxidoreductase activity, acting on NAD(P)H"	-300	5.511090216773934	0.7080937040349223	0.9451377172944065	0.42833259	null
"GO:0016655"	"oxidoreductase activity, acting on NAD(P)H, quinone or similar compound as acceptor"	-300	5.262906504093203	0.3998581830664706	0.9394502442803825	0.40311927	null
"GO:0003954"	"NADH dehydrogenase activity"	-300	5.039763001054312	0.23919984446673315	0.9418887085620006	0.85058546	16655
"GO:0008137"	"NADH dehydrogenase (ubiquinone) activity"	-300	4.982732425961215	0.20976342315327112	0.9254869617611516	0.84439289	16655
"GO:0050136"	"NADH:ubiquinone reductase (non-electrogenic) activity"	-300	4.6819463931246785	0.1049395541663439	0.9449285013863429	0.79398343	16655
"GO:0016684"	"oxidoreductase activity, acting on peroxide as acceptor"	-300	5.353858551860327	0.4930131281069519	0.9468879060078214	0.41200705	null
"GO:0016705"	"oxidoreductase activity, acting on paired donors, with incorporation or reduction of molecular oxygen"	-300	5.842845042414387	1.5200093997482385	0.9410480701131967	0.05282935	null
"GO:0016740"	"transferase activity"	-300	6.970537570542658	20.395735861748616	0.9584804582283928	0.12785535	null
"GO:0016741"	"transferase activity, transferring one-carbon groups"	-300	6.098300307104564	2.7371702789582213	0.8912668829196089	0.36792874	null
"GO:0016746"	"acyltransferase activity"	-300	6.235965299068024	3.758087621832046	0.887505830307692	0.36270092	null
"GO:0016757"	"glycosyltransferase activity"	-300	6.055236474360304	2.4787797911437233	0.8923915639955077	0.30356034	null
"GO:0016758"	"hexosyltransferase activity"	-300	5.7256143817364284	1.1604205728149475	0.893256102563156	0.31042832	null
"GO:0008194"	"UDP-glycosyltransferase activity"	-300	5.423152449604138	0.5782992982078641	0.8997368635483367	0.7504777	16758
"GO:0016765"	"transferase activity, transferring alkyl or aryl (other than methyl) groups"	-300	5.645496937999086	0.9649344469930834	0.9020138250976988	0.25609671	null
"GO:0016772"	"transferase activity, transferring phosphorus-containing groups"	-300	6.5612178162308625	7.947298983522348	0.8774901223910222	0.43538747	null
"GO:0016776"	"phosphotransferase activity, phosphate group as acceptor"	-300	5.181028521427331	0.3311521001891278	0.8870332819638468	0.47796492	null
"GO:0016779"	"nucleotidyltransferase activity"	-300	5.904770707450465	1.752960061787236	0.8685577486202353	0.47683746	null
"GO:0016780"	"phosphotransferase activity, for other substituted phosphate groups"	-300	5.171012278523061	0.32360200517776305	0.8872521446452433	0.40228821	null
"GO:0016782"	"transferase activity, transferring sulphur-containing groups"	-300	5.384091647297817	0.5285568537979215	0.9072842024204283	0.21127098	null
"GO:0016783"	"sulfurtransferase activity"	-300	5.077549580451794	0.26094429271860237	0.9095464969231256	0.22617092	null
"GO:0031071"	"cysteine desulfurase activity"	-300	4.372267444095654	0.05143406731650743	0.9199366217117756	0.77138824	16783
"GO:0016787"	"hydrolase activity"	-300	7.005607044515442	22.11102402709146	0.9579661269067928	0.10786404	null
"GO:0016788"	"hydrolase activity, acting on ester bonds"	-300	6.425156820293157	5.809764278787051	0.9223348924298232	0.41401939	null
"GO:0016791"	"phosphatase activity"	-300	5.87097478517927	1.6217206825870867	0.8958634879392315	0.62928167	null
"GO:0004721"	"phosphoprotein phosphatase activity"	-300	5.460215058232384	0.6298184923545084	0.8809737862703805	0.82546286	16791
"GO:0004725"	"protein tyrosine phosphatase activity"	-300	5.031056846415667	0.23445238663218027	0.8898543612758547	0.74531383	16791
"GO:0016798"	"hydrolase activity, acting on glycosyl bonds"	-300	5.954792267676311	1.966951450837302	0.9315178672505202	0.32925838	null
"GO:0016817"	"hydrolase activity, acting on acid anhydrides"	-300	6.430880624395314	5.886841166627846	0.9222081118568137	0.38898224	null
"GO:0016829"	"lyase activity"	-300	6.207799114948391	3.5220920385612318	0.9671849042818194	0.05949562	null
"GO:0016835"	"carbon-oxygen lyase activity"	-300	5.769445271598116	1.2836492990253	0.962933934284044	0.60973945	null
"GO:0016846"	"carbon-sulfur lyase activity"	-300	4.953817658206996	0.19625226729309536	0.9681983778392018	0.35721664	null
"GO:0016853"	"isomerase activity"	-300	6.044417842934899	2.417794056938019	0.968581143587235	0.05631442	null
"GO:0016860"	"intramolecular oxidoreductase activity"	-300	5.271567473250777	0.4079124908409533	0.9715988043422628	0.04494619	null
"GO:0016887"	"ATP hydrolysis activity"	-300	6.266433504976146	4.031207233999447	0.9064704511492649	0.3089935	null
"GO:0003924"	"GTPase activity"	-300	5.7677241600377736	1.2785722475663712	0.9252986213189623	0.7362476	16887
"GO:0016462"	"pyrophosphatase activity"	-300	6.4248403277101716	5.8055319474117875	0.9115561668168501	0.92229039	16887
"GO:0016818"	"hydrolase activity, acting on acid anhydrides, in phosphorus-containing anhydrides"	-300	6.429464484753099	5.867676716150893	0.9114599990922142	0.93828784	16887
"GO:0017111"	"ribonucleoside triphosphate phosphatase activity"	-300	6.383259580160806	5.2754711862814485	0.912541111692339	0.8714522	16887
"GO:0016893"	"endonuclease activity, active with either ribo- or deoxyribonucleic acids and producing 5'-phosphomonoesters"	-300	5.311758098054422	0.4474637257660558	0.903065620062733	0.54665156	null
"GO:0004519"	"endonuclease activity"	-300	5.7709734498986265	1.2881741174579566	0.8947534984012191	0.83264694	16893
"GO:0004521"	"RNA endonuclease activity"	-300	5.438219474427008	0.5987144582660586	0.8697320594455525	0.81612837	16893
"GO:0004540"	"RNA nuclease activity"	-300	5.624122171751174	0.9185927103101448	0.8675039004704296	0.74547069	16893
"GO:0016891"	"RNA endonuclease activity, producing 5'-phosphomonoesters"	-300	5.214907398687799	0.35801943742384557	0.8749036030406689	0.86451961	16893
"GO:0017056"	"structural constituent of nuclear pore"	-300	4.643916334364099	0.09614093231297259	0.983118103397836	0.21257416	null
"GO:0017169"	"CDP-alcohol phosphatidyltransferase activity"	-300	4.408155133886265	0.05586502796209009	0.8995855202064207	0.32767853	null
"GO:0019001"	"guanyl nucleotide binding"	-300	5.932601598909766	1.8689726520890682	0.9082002804159268	0.25261825	null
"GO:0019003"	"GDP binding"	-300	4.398547595734928	0.05464269399089488	0.9217262019146718	0.27190491	null
"GO:0019103"	"pyrimidine nucleotide binding"	-300	2.5622928644564746	0.0007945170812768929	0.9518471246038905	0.07176934	null
"GO:0019205"	"nucleobase-containing compound kinase activity"	-300	5.117894111166701	0.2863470119271202	0.8853518197402838	0.37020117	null
"GO:0019207"	"kinase regulator activity"	-300	5.218052103367128	0.360621262591104	0.932020528001779	0.66609235	null
"GO:0019208"	"phosphatase regulator activity"	-300	4.93617180205911	0.18843806083438308	0.935249246717178	0.61947298	null
"GO:0019887"	"protein kinase regulator activity"	-300	5.17186388537831	0.3242371822949377	0.9245624581550342	0.65451184	null
"GO:0016538"	"cyclin-dependent protein serine/threonine kinase regulator activity"	-300	4.850290813623384	0.1546274300954296	0.9282365904515827	0.91856886	19887
"GO:0019209"	"kinase activator activity"	-300	4.794153308779997	0.13587770007298863	0.9272001575649207	0.90894096	19887
"GO:0030295"	"protein kinase activator activity"	-300	4.787998581154551	0.1339656205037618	0.9256313568889384	0.90789765	19887
"GO:0043539"	"protein serine/threonine kinase activator activity"	-300	4.5383726249901555	0.07539836136963655	0.9284707390597547	0.95501202	19887
"GO:0061575"	"cyclin-dependent protein serine/threonine kinase activator activity"	-300	4.199837422208157	0.03457895494941905	0.9320213347908828	0.81815321	19887
"GO:0019888"	"protein phosphatase regulator activity"	-300	4.899535984652174	0.17319381002219125	0.9297502876615111	0.61436066	null
"GO:0004864"	"protein phosphatase inhibitor activity"	-300	4.4545094856859055	0.0621578651745112	0.9325589901218972	0.91143087	19888
"GO:0004865"	"protein serine/threonine phosphatase inhibitor activity"	-300	3.9208534961212593	0.018188766039231728	0.9375995237764594	0.83661555	19888
"GO:0019212"	"phosphatase inhibitor activity"	-300	4.50651856161725	0.07006592942029742	0.9327206958259239	0.91944381	19888
"GO:0019899"	"enzyme binding"	-300	5.8127135352187285	1.4181256805098825	0.8413359658898776	0.52546413	null
"GO:0019902"	"phosphatase binding"	-300	4.61212662166355	0.08935479603360484	0.8515828735192456	0.61639678	null
"GO:0019903"	"protein phosphatase binding"	-300	4.5009770535891995	0.0691775545519466	0.8521803231750044	0.60502169	null
"GO:0008157"	"protein phosphatase 1 binding"	-300	4.063220735581995	0.025245561983649842	0.8613450439285539	0.90151688	19903
"GO:0019904"	"protein domain specific binding"	-300	4.869325611090526	0.16155544442502534	0.8662857056098607	0.37362673	null
"GO:0020037"	"heme binding"	-300	5.829499322166181	1.4740103531250812	0.939860692450723	0.05353971	null
"GO:0022857"	"transmembrane transporter activity"	-300	6.655210971305204	9.86762712431549	0.9759142085946275	0.49734809	null
"GO:0030234"	"enzyme regulator activity"	-300	5.983156562211189	2.0997034683268057	0.9328306405031097	0.59208104	null
"GO:0004857"	"enzyme inhibitor activity"	-300	5.354246776416515	0.49345404143227595	0.9267655762334003	0.75504378	30234
"GO:0005085"	"guanyl-nucleotide exchange factor activity"	-300	5.31739885744299	0.4533134669139186	0.9308096479037388	0.74870316	30234
"GO:0008047"	"enzyme activator activity"	-300	5.540111647146953	0.7570285349281823	0.9246835443996549	0.78873665	30234
"GO:0060589"	"nucleoside-triphosphatase regulator activity"	-300	5.616713864062984	0.9030559724405598	0.9269115323276941	0.73273614	30234
"GO:0030276"	"clathrin binding"	-300	4.74338431860338	0.12088664701197296	0.8690215502545797	0.3649785	null
"GO:0030305"	"heparanase activity"	-300	1.7160033436347992	0.00011131970094813608	0.9634974178273549	0.43111352	null
"GO:0030332"	"cyclin binding"	-300	4.2188504776576785	0.03612651706652158	0.8792825386056023	0.30939179	null
"GO:0030507"	"spectrin binding"	-300	3.515476441382376	0.007150653731492035	0.8821448885084185	0.55408194	null
"GO:0030551"	"cyclic nucleotide binding"	-300	4.597146487833696	0.08632515397642812	0.9334505779256959	0.17490841	null
"GO:0030552"	"cAMP binding"	-300	4.017534159437198	0.0227244981680597	0.9307134484347792	0.19656688	null
"GO:0030674"	"protein-macromolecule adaptor activity"	-300	5.73057961144465	1.173763657754084	0.9776572777557455	-0	null
"GO:0003712"	"transcription coregulator activity"	-300	5.496207067291576	0.684238546943507	0.9661570864774518	0.90890575	30674
"GO:0003713"	"transcription coactivator activity"	-300	5.025482005604021	0.23146203388122052	0.9599590126711173	0.81520167	30674
"GO:0035591"	"signaling adaptor activity"	-300	4.558888489536734	0.07904571863011373	0.9808950919848584	0.73961873	30674
"GO:0035615"	"clathrin adaptor activity"	-300	4.343507062114426	0.04813813107274889	0.9683005041605581	0.70926279	30674
"GO:0140312"	"cargo adaptor activity"	-300	4.3793236507533155	0.05227660466093841	0.9681277052803281	0.71413691	30674
"GO:0030941"	"chloroplast targeting sequence binding"	-300	3.0770043267933502	0.0026040079064926737	0.9690642199745879	0.67135699	null
"GO:0031267"	"small GTPase binding"	-300	5.0687052196919415	0.25568389116399437	0.840178539768098	0.68629655	null
"GO:0019900"	"kinase binding"	-300	5.2773203525361305	0.41335187701277204	0.834357033726978	0.75857742	31267
"GO:0019901"	"protein kinase binding"	-300	5.24075636234839	0.3799756113814397	0.8344957548716534	0.72937545	31267
"GO:0051019"	"mitogen-activated protein kinase binding"	-300	3.6924062348336304	0.010747807989580825	0.869264280889218	0.74310696	31267
"GO:0051020"	"GTPase binding"	-300	5.084987144142866	0.26545164923738473	0.8397390588036056	0.70509464	31267
"GO:0031490"	"chromatin DNA binding"	-300	4.749628114854059	0.12263720387786325	0.9240908333449447	0.66270854	null
"GO:0031625"	"ubiquitin protein ligase binding"	-300	4.902807603794222	0.17450345356275757	0.844521593108233	0.64827144	null
"GO:0032182"	"ubiquitin-like protein binding"	-300	5.031945445314054	0.2349325892637212	0.8625745774549849	0.38541897	null
"GO:0032549"	"ribonucleoside binding"	-300	4.312579294906139	0.04482909839358468	0.9180893893769484	0.17234944	null
"GO:0001883"	"purine nucleoside binding"	-300	1.9493900066449128	0.00019208105261639166	0.9398343814184345	0.73735978	32549
"GO:0032550"	"purine ribonucleoside binding"	-300	0.6020599913279624	6.548217702831534E-06	0.9481901645124522	0.63463089	null
"GO:0032551"	"pyrimidine ribonucleoside binding"	-300	0.47712125471966244	4.365478468554356E-06	0.9490352681588081	0.62419489	null
"GO:0032559"	"adenyl ribonucleotide binding"	-300	6.761199898143712	12.595101675595052	0.8695709202939766	0.68677021	null
"GO:0030554"	"adenyl nucleotide binding"	-300	6.804504440795216	13.91573749094518	0.8787440409960678	0.77267367	32559
"GO:0032553"	"ribonucleotide binding"	-300	6.831938015194583	14.82312620076578	0.8677091591851996	0.8219815	32559
"GO:0032555"	"purine ribonucleotide binding"	-300	6.818019653776024	14.355603101436715	0.8671147170661777	0.81039353	32559
"GO:0033218"	"amide binding"	-300	5.311635208307389	0.44733712689046773	0.9656113177351753	0.04217669	null
"GO:0035639"	"purine ribonucleoside triphosphate binding"	-300	6.810091450222462	14.095913883777822	0.8789213864824585	0.46614598	null
"GO:0000166"	"nucleotide binding"	-300	6.9236120800790015	18.306860962763057	0.8754489500430676	0.77968614	35639
"GO:0017076"	"purine nucleotide binding"	-300	6.856312396219104	15.678849472911038	0.8786475100594716	0.72622463	35639
"GO:0036002"	"pre-mRNA binding"	-300	4.5183823155453435	0.07200638459956983	0.9391763804865617	0.24323167	null
"GO:0036094"	"small molecule binding"	-300	7.218235675531778	36.07758878384602	0.9387621904532419	0.22682086	null
"GO:0038024"	"cargo receptor activity"	-300	4.369549801664892	0.05111320464906868	0.9839505352212655	0.20267193	null
"GO:0042171"	"lysophosphatidic acid acyltransferase activity"	-300	4.57923466734815	0.08283713668005319	0.8850804329478763	0.36670728	null
"GO:0042277"	"peptide binding"	-300	5.189986927670516	0.33805392164791226	0.9664935762820417	0.04108458	null
"GO:0042578"	"phosphoric ester hydrolase activity"	-300	5.97889234061877	2.0791879022638344	0.8968309884315602	0.67050597	null
"GO:0042781"	"3'-tRNA processing endoribonuclease activity"	-300	4.3457069212784285	0.04838259786698793	0.8850694299407551	0.65872051	null
"GO:0042802"	"identical protein binding"	-300	5.33465677657078	0.4716899485272982	0.8550708978929368	0.40947589	null
"GO:0042975"	"peroxisome proliferator activated receptor binding"	-300	3.3265406685165617	0.004627407176667618	0.8896453813079163	0.48726158	null
"GO:0043130"	"ubiquitin binding"	-300	4.990769383290282	0.21368144007879863	0.863534107241467	0.38236331	null
"GO:0043167"	"ion binding"	-300	7.193200537570395	34.056684384615856	0.9078638393905454	0.48454807	null
"GO:0043168"	"anion binding"	-300	6.927234817369778	18.460209307667203	0.9165050763954947	0.42281616	null
"GO:0043169"	"cation binding"	-300	6.935587114255789	18.818669658416372	0.9162170948801149	0.39700077	null
"GO:0043175"	"RNA polymerase core enzyme binding"	-300	4.649636617730435	0.09741565202579046	0.8491889148070181	0.6203327	null
"GO:0000994"	"RNA polymerase III core binding"	-300	3.397418542351348	0.0054481171287558364	0.8736641650199729	0.78602405	43175
"GO:0043394"	"proteoglycan binding"	-300	3.3613500243522663	0.005013752021134678	0.8769784134264018	0.27292364	null
"GO:0043426"	"MRF binding"	-300	2.303196057420489	0.0004365478468554356	0.8815866183433938	0.65070496	null
"GO:0043565"	"sequence-specific DNA binding"	-300	6.301428929011041	4.369488160527723	0.8969744131339812	0.15812887	null
"GO:0044017"	"histone H3K27 acetyltransferase activity"	-300	2.037426497940624	0.00023573583730193524	0.8997358987928507	0.45079526	null
"GO:0043993"	"histone H3K18 acetyltransferase activity"	-300	2.278753600952829	0.0004125377152783867	0.8969636670275531	0.71120198	44017
"GO:0044325"	"transmembrane transporter binding"	-300	4.457745685468492	0.06262278863141224	0.8748208566521379	0.32135273	null
"GO:0044389"	"ubiquitin-like protein ligase binding"	-300	4.943425260694872	0.1916117636810221	0.8434804360101983	0.66550385	null
"GO:0044547"	"DNA topoisomerase binding"	-300	3.6478717653062325	0.00970009315712778	0.8709776105426371	0.52995318	null
"GO:0044877"	"protein-containing complex binding"	-300	5.887403475810974	1.6842430652137217	0.9606402447150711	0.04824682	null
"GO:0045545"	"syndecan binding"	-300	2.863322860120456	0.001591216901788063	0.8808579007670732	0.2140946	null
"GO:0043395"	"heparan sulfate proteoglycan binding"	-300	2.709269960975831	0.001115379748715638	0.8809418388809196	0.88189696	45545
"GO:0046332"	"SMAD binding"	-300	4.338516254788366	0.04758808078571104	0.8770890266392954	0.31526981	null
"GO:0046872"	"metal ion binding"	-300	6.929372070476243	18.551279736738948	0.910124162231315	0.54854629	null
"GO:0046906"	"tetrapyrrole binding"	-300	5.874642401587303	1.6354741225022669	0.9391613101197547	0.1375018	null
"GO:0046914"	"transition metal ion binding"	-300	6.454241915208814	6.212174084018391	0.9241522536981515	0.60761832	null
"GO:0046982"	"protein heterodimerization activity"	-300	5.13753450236695	0.29959405633994834	0.858204077090938	0.36107232	null
"GO:0042803"	"protein homodimerization activity"	-300	4.868996902487136	0.16143321102790584	0.8644408919948994	0.71804241	46982
"GO:0046983"	"protein dimerization activity"	-300	5.729996121186026	1.172187720026936	0.8439008023491636	0.46753594	null
"GO:0047560"	"3-dehydrosphinganine reductase activity"	-300	3.5691397254724593	0.0080914143414655	0.9594307185556715	0.57036652	null
"GO:0048487"	"beta-tubulin binding"	-300	3.9579423354454044	0.01981054129029967	0.8730443006355123	0.59481677	null
"GO:0050145"	"nucleoside monophosphate kinase activity"	-300	4.891024252224102	0.1698323916014044	0.872926261598151	0.43797826	null
"GO:0004127"	"(d)CMP kinase activity"	-300	4.292765403851628	0.04282970925498679	0.8846532157848346	0.88383805	50145
"GO:0004550"	"nucleoside diphosphate kinase activity"	-300	4.579703587632248	0.08292662898865855	0.8843110334229111	0.86675834	50145
"GO:0004798"	"thymidylate kinase activity"	-300	4.109612290308459	0.02809185394514728	0.8878854005661724	0.85822854	50145
"GO:0009041"	"UMP/dUMP kinase activity"	-300	4.164739384291432	0.031894185691258126	0.8869317805378828	0.8657793	50145
"GO:0033862"	"UMP kinase activity"	-300	4.162415036106447	0.03172393203098451	0.8869723162572359	0.86545826	50145
"GO:0050811"	"GABA receptor binding"	-300	3.6989700043360187	0.010911513432151614	0.8840653061345212	0.51118523	null
"GO:0050897"	"cobalt ion binding"	-300	4.661301450066921	0.10006768019543723	0.9500990529509522	0.03692879	null
"GO:0051010"	"microtubule plus-end binding"	-300	4.348304863048161	0.04867290218514679	0.8655341298341284	0.63606753	null
"GO:0051015"	"actin filament binding"	-300	5.34445711824617	0.48245521843075323	0.8439088495531525	0.4285925	null
"GO:0003779"	"actin binding"	-300	5.532345363784474	0.7436112368550806	0.8385061049787059	0.82999009	51015
"GO:0008017"	"microtubule binding"	-300	5.397748877047959	0.5454425245142898	0.8405261133748118	0.78182268	51015
"GO:0015631"	"tubulin binding"	-300	5.475642137554701	0.6525931935249565	0.8401757706037536	0.80487794	51015
"GO:0051427"	"hormone receptor binding"	-300	4.035349676522988	0.02367617247420455	0.8785110361489779	0.30079191	null
"GO:0051575"	"5'-deoxyribose-5-phosphate lyase activity"	-300	2.519827993775719	0.0007203039473114688	0.9521390455007286	0.33520948	null
"GO:0051861"	"glycolipid binding"	-300	3.0354297381845483	0.002366089329956461	0.9355270492449871	0.02320532	null
"GO:0052689"	"carboxylic ester hydrolase activity"	-300	5.751433081819347	1.2314992932399496	0.9021642013103891	0.05138718	null
"GO:0060089"	"molecular transducer activity"	-300	6.0740392798114	2.5884558894484484	1	-0	null
"GO:0060090"	"molecular adaptor activity"	-300	5.775380316539027	1.301312024909071	1	-0	null
"GO:0060590"	"ATPase regulator activity"	-300	4.732490258986104	0.11789192878254467	0.9464660732335267	-0	null
"GO:0061630"	"ubiquitin protein ligase activity"	-300	5.481998399005596	0.6622147080696502	0.8591295296749564	0.5243967	null
"GO:0004842"	"ubiquitin-protein transferase activity"	-300	5.637629801915565	0.9476122284298598	0.8546832194478127	0.94597073	61630
"GO:0016747"	"acyltransferase activity, transferring groups other than amino-acyl groups"	-300	6.022657212533596	2.2996336512296582	0.8558451384900738	0.71855177	61630
"GO:0019787"	"ubiquitin-like protein transferase activity"	-300	5.6648026911753195	1.0087965919058834	0.854087927446067	0.96282807	61630
"GO:0061659"	"ubiquitin-like protein ligase activity"	-300	5.506525326065393	0.700689852552254	0.8584467956886421	0.91199726	61630
"GO:0061920"	"protein propionyltransferase activity"	-300	1.9294189257142926	0.00018335009567928295	0.9103687124968208	0.40872657	null
"GO:0070063"	"RNA polymerase binding"	-300	4.797869732706836	0.13704546556332692	0.8471478032739456	0.49643885	null
"GO:0070567"	"cytidylyltransferase activity"	-300	4.734775834755729	0.11851400946431367	0.8876022160699796	0.12820411	null
"GO:0071617"	"lysophospholipid acyltransferase activity"	-300	4.6093168842930865	0.08877855287575567	0.8845061136397809	0.52194478	null
"GO:0072341"	"modified amino acid binding"	-300	5.032409217607479	0.2351836042756631	0.9675667778956805	0.03975126	null
"GO:0072586"	"DNA topoisomerase type II (double strand cut, ATP-hydrolyzing) regulator activity"	-300	3.5179872030250783	0.007192125776943301	0.9441657348684322	0.3856715	null
"GO:0001671"	"ATPase activator activity"	-300	4.334152052992287	0.04711224363263861	0.941088314434989	0.78314858	72586
"GO:0072587"	"DNA topoisomerase type II (double strand cut, ATP-hydrolyzing) activator activity"	-300	0.9030899869919435	1.5279174639940246E-05	0.9563992163235723	0.53381732	null
"GO:0097157"	"pre-mRNA intronic binding"	-300	3.8129133566428557	0.014185622283567382	0.9459502975760543	0.32726779	null
"GO:0097159"	"organic cyclic compound binding"	-300	7.252799553663059	39.06621935354991	0.9377998504235302	0.17410753	null
"GO:0097367"	"carbohydrate derivative binding"	-300	6.848664424657691	15.405160165803492	0.9473044126695563	0.07464077	null
"GO:0097472"	"cyclin-dependent protein kinase activity"	-300	4.288874945835279	0.04244772988898828	0.8804326079016959	0.59006013	null
"GO:0097677"	"STAT family protein binding"	-300	2.6148972160331345	0.0008971058252879203	0.8765306861892043	0.67607352	null
"GO:0097718"	"disordered domain specific binding"	-300	3.53655844257153	0.007506440226679215	0.8884746026317217	0.55067107	null
"GO:0097747"	"RNA polymerase activity"	-300	5.141556374124269	0.30238141434212035	0.8508184789701074	0.67958611	null
"GO:0003887"	"DNA-directed DNA polymerase activity"	-300	5.170000473264351	0.3228489601419374	0.8493922495989631	0.86583355	97747
"GO:0034061"	"DNA polymerase activity"	-300	5.307523848984616	0.44312225742907846	0.8453651069594175	0.7081756	97747
"GO:0098772"	"molecular function regulator activity"	-300	6.243156408823585	3.8208326438605775	1	-0	null
"GO:0099609"	"microtubule lateral binding"	-300	1.6334684555795864	9.167504783964147E-05	0.9043653624520441	0.17116947	null
"GO:0140064"	"peptide crotonyltransferase activity"	-300	2.966610986681934	0.0020190337917063896	0.8986082151655143	0.449898	null
"GO:0140065"	"peptide butyryltransferase activity"	-300	2.0170333392987803	0.00022482214113054937	0.9094777515749851	0.02427966	null
"GO:0140068"	"histone crotonyltransferase activity"	-300	2.0644579892269186	0.0002510150119418755	0.9037227081523967	0.45198951	null
"GO:0140069"	"histone butyryltransferase activity"	-300	1.7160033436347992	0.00011131970094813608	0.907417301579784	0.40109186	null
"GO:0140096"	"catalytic activity, acting on a protein"	-300	6.72110016484991	11.48423146613743	0.9618086600523083	0.07233305	null
"GO:0140098"	"catalytic activity, acting on RNA"	-300	6.221979105254421	3.6389886382529464	0.9233493930134925	-0	null
"GO:0140097"	"catalytic activity, acting on DNA"	-300	6.101447018509672	2.757074678035595	0.9255533906142427	0.73574463	140098
"GO:0140101"	"catalytic activity, acting on a tRNA"	-300	5.862442671184028	1.590171369694844	0.9238129494890003	0.68143042	null
"GO:0140110"	"transcription regulator activity"	-300	6.48583523646154	6.680930431014821	1	-0	null
"GO:0140297"	"DNA-binding transcription factor binding"	-300	4.684522212496592	0.10556381758734716	0.8422085857530272	0.26642063	null
"GO:0008140"	"cAMP response element binding protein binding"	-300	3.327563260187278	0.004638320872839004	0.8664406838949424	0.74206283	140297
"GO:0016922"	"nuclear receptor binding"	-300	4.253095585849032	0.03909067694666998	0.8480518824557035	0.90751954	140297
"GO:0035259"	"nuclear glucocorticoid receptor binding"	-300	3.7956715059460215	0.013633389257295254	0.8569105829585537	0.8145725	140297
"GO:0043425"	"bHLH transcription factor binding"	-300	3.088844562727004	0.0026760383012238206	0.8703044350413874	0.71858216	140297
"GO:0050681"	"nuclear androgen receptor binding"	-300	3.162564406523019	0.0031715201074047398	0.8679378506029671	0.72567406	140297
"GO:0051059"	"NF-kappaB binding"	-300	3.7999605274059833	0.013768719089820438	0.8571674740546433	0.79334536	140297
"GO:0061629"	"RNA polymerase II-specific DNA-binding transcription factor binding"	-300	4.516257653941758	0.0716549635828512	0.8431571960879144	0.88618852	140297
"GO:1901265"	"nucleoside phosphate binding"	-300	6.924700864043428	18.352814171862295	0.9154886022695418	0.23735368	null
"GO:1901363"	"heterocyclic compound binding"	-300	6.960596100738509	19.934158544093723	0.9169071811187979	0.15298172	null
"GO:1901505"	"carbohydrate derivative transmembrane transporter activity"	-300	5.062371366143577	0.25198196542266027	0.9733305770165278	-0	null
"GO:0005338"	"nucleotide-sugar transmembrane transporter activity"	-300	4.433241641112682	0.05918715707665997	0.971780566742154	0.81561746	1901505
"GO:0005459"	"UDP-galactose transmembrane transporter activity"	-300	3.940267391446012	0.01902038968749133	0.9727733180824896	0.91966188	1901505
"GO:0015165"	"pyrimidine nucleotide-sugar transmembrane transporter activity"	-300	4.291590825658001	0.042714024075570095	0.9715046951878932	0.83433716	1901505
"GO:1901681"	"sulfur compound binding"	-300	5.434004913159027	0.5929323820344583	0.9646716842172157	0.03261082	null
"GO:1990175"	"EH domain binding"	-300	1.6720978579357175	0.00010040600477675019	0.9104790539339918	0.17175436	null
"GO:1990226"	"histone methyltransferase binding"	-300	3.1838390370564214	0.0033308600715069737	0.878595943684484	0.19776667	null
"GO:1990405"	"protein antigen binding"	-300	2.100370545117563	0.0002728424042846473	0.9081691333008234	0.02085336	null
"GO:1990841"	"promoter-specific chromatin binding"	-300	3.969276095488932	0.020334398706526192	0.9696530689426979	0	null
